{"stats":{"minecraft:broken":{"minecraft:iron_shovel":3,"minecraft:stone_pickaxe":1,"minecraft:stone_shovel":2,"minecraft:stone_hoe":1,"minecraft:shield":2,"minecraft:iron_axe":2,"minecraft:iron_pickaxe":3},"minecraft:picked_up":{"minecraft:wheat":927,"minecraft:diamond_sword":1,"minecraft:oak_stairs":13,"minecraft:potion":2,"minecraft:enchanted_book":3,"minecraft:stone_brick_stairs":3,"minecraft:amethyst_block":24,"minecraft:waxed_cut_copper_slab":5,"minecraft:string":141,"minecraft:soul_soil":1,"minecraft:raw_copper":15,"minecraft:deepslate_lapis_ore":18,"minecraft:iron_leggings":1,"minecraft:pufferfish":2,"minecraft:diamond_leggings":1,"minecraft:cobbled_deepslate":380,"minecraft:bucket":1,"minecraft:black_glazed_terracotta":11,"minecraft:trial_key":4,"minecraft:calcite":15,"minecraft:iron_boots":1,"minecraft:furnace":4,"minecraft:tipped_arrow":8,"minecraft:stick":46,"minecraft:oak_fence":23,"minecraft:torch":103,"minecraft:porkchop":38,"minecraft:pointed_dripstone":1,"minecraft:diorite":169,"minecraft:goat_horn":1,"minecraft:rotten_flesh":62,"minecraft:tropical_fish":1,"minecraft:bookshelf":15,"minecraft:waxed_cut_copper":3,"minecraft:obsidian":26,"minecraft:cod":13,"minecraft:cobblestone":2407,"minecraft:birch_log":34,"minecraft:enchanting_table":3,"minecraft:magma_block":1,"minecraft:feather":35,"minecraft:cooked_beef":81,"minecraft:iron_door":1,"minecraft:andesite":233,"minecraft:potato":60,"minecraft:flint":127,"minecraft:tuff":9,"minecraft:lapis_lazuli":733,"minecraft:dirt":3003,"minecraft:name_tag":2,"minecraft:bone":519,"minecraft:bow":7,"minecraft:wheat_seeds":2640,"minecraft:raw_gold":32,"minecraft:grindstone":2,"minecraft:diamond_helmet":1,"minecraft:oak_planks":139,"minecraft:sand":253,"minecraft:ink_sac":13,"minecraft:grass_block":2,"minecraft:dark_oak_log":5,"minecraft:mossy_cobblestone":66,"minecraft:diamond":177,"minecraft:deepslate":2,"minecraft:spruce_boat":1,"minecraft:writable_book":1,"minecraft:waxed_oxidized_copper_grate":3,"minecraft:cracked_polished_blackstone_bricks":15,"minecraft:granite":87,"minecraft:crossbow":3,"minecraft:breeze_rod":6,"minecraft:emerald":42,"minecraft:golden_horse_armor":1,"minecraft:bread":4,"minecraft:oak_sapling":75,"minecraft:netherrack":29,"minecraft:dark_oak_fence":45,"minecraft:bricks":6,"minecraft:oak_leaves":84,"minecraft:diamond_pickaxe":2,"minecraft:fishing_rod":1,"minecraft:coarse_dirt":3,"minecraft:waxed_oxidized_cut_copper":1,"minecraft:crafting_table":12,"minecraft:azure_bluet":1,"minecraft:ominous_bottle":10,"minecraft:chicken":22,"minecraft:brick":114,"minecraft:shield":1,"minecraft:wind_charge":6,"minecraft:cornflower":1,"minecraft:beef":129,"minecraft:oak_boat":5,"minecraft:poppy":1,"minecraft:spruce_slab":3,"minecraft:lectern":30,"minecraft:guster_pottery_sherd":2,"minecraft:sugar_cane":1350,"minecraft:chest":13,"minecraft:spruce_trapdoor":6,"minecraft:waxed_oxidized_copper":2,"minecraft:egg":10,"minecraft:copper_ore":17,"minecraft:raw_iron":478,"minecraft:sandstone":9,"minecraft:stone":1235,"minecraft:oak_door":5,"minecraft:copper_ingot":1,"minecraft:polished_blackstone_bricks":101,"minecraft:flow_pottery_sherd":3,"minecraft:carrot":1197,"minecraft:redstone":205,"minecraft:arrow":414,"minecraft:diamond_chestplate":1,"minecraft:beetroot_seeds":10,"minecraft:diamond_boots":1,"minecraft:saddle":2,"minecraft:tuff_bricks":5,"minecraft:brick_stairs":4,"minecraft:mutton":31,"minecraft:rail":14,"minecraft:white_wool":19,"minecraft:oxeye_daisy":4,"minecraft:lapis_ore":4,"minecraft:basalt":3,"minecraft:salmon":4,"minecraft:leather":138,"minecraft:birch_planks":4,"minecraft:waxed_copper_bulb":1,"minecraft:yellow_glazed_terracotta":7,"minecraft:oak_log":618,"minecraft:waxed_copper_block":1,"minecraft:lily_pad":7,"minecraft:gunpowder":26,"minecraft:cobblestone_stairs":51,"minecraft:blue_bed":1,"minecraft:paper":104,"minecraft:white_banner":9,"minecraft:apple":5,"minecraft:stone_bricks":30,"minecraft:kelp":78,"minecraft:iron_ingot":6,"minecraft:cooked_chicken":5,"minecraft:soul_sand":49,"minecraft:book":45,"minecraft:oak_slab":8,"minecraft:smooth_basalt":8,"minecraft:sweet_berries":13,"minecraft:chiseled_stone_bricks":63,"minecraft:quartz":14,"minecraft:dandelion":3,"minecraft:gravel":111,"minecraft:amethyst_shard":48,"minecraft:spruce_sapling":20,"minecraft:white_bed":2,"minecraft:spruce_log":375,"minecraft:spider_eye":7,"minecraft:diamond_shovel":1,"minecraft:pumpkin_seeds":7,"minecraft:coal_ore":6,"minecraft:stone_axe":1,"minecraft:iron_helmet":1,"minecraft:deepslate_redstone_ore":22,"minecraft:diamond_axe":1,"minecraft:gray_wool":1,"minecraft:oak_button":1,"minecraft:melon_seeds":14,"minecraft:coal":525,"minecraft:hopper":2,"minecraft:ender_pearl":5},"minecraft:crafted":{"minecraft:smooth_stone":3,"minecraft:oak_planks":988,"minecraft:cobblestone_slab":6,"minecraft:oak_sign":3,"minecraft:cooked_chicken":8,"minecraft:stone":105,"minecraft:cobblestone_stairs":260,"minecraft:diamond_shovel":2,"minecraft:bookshelf":31,"minecraft:cooked_mutton":24,"minecraft:glass":69,"minecraft:hopper":5,"minecraft:diamond_helmet":2,"minecraft:diamond_leggings":2,"minecraft:iron_boots":1,"minecraft:chest":48,"minecraft:oak_button":2,"minecraft:iron_door":3,"minecraft:birch_button":1,"minecraft:stone_hoe":1,"minecraft:oak_fence":120,"minecraft:golden_boots":2,"minecraft:oak_slab":162,"minecraft:emerald":12,"minecraft:cauldron":1,"minecraft:cooked_porkchop":36,"minecraft:diamond_axe":2,"minecraft:crafting_table":21,"minecraft:spruce_planks":256,"minecraft:wooden_pickaxe":1,"minecraft:iron_helmet":1,"minecraft:birch_planks":128,"minecraft:stone_brick_stairs":28,"minecraft:spruce_trapdoor":26,"minecraft:lectern":1,"minecraft:iron_chestplate":1,"minecraft:book":71,"minecraft:paper":987,"minecraft:diamond_pickaxe":3,"minecraft:emerald_block":3,"minecraft:shield":4,"minecraft:stick":484,"minecraft:iron_ingot":410,"minecraft:iron_pickaxe":4,"minecraft:iron_block":3,"minecraft:gold_ingot":32,"minecraft:composter":2,"minecraft:shears":1,"minecraft:oak_door":6,"minecraft:stone_shovel":3,"minecraft:stone_brick_wall":8,"minecraft:fishing_rod":1,"minecraft:smooth_stone_slab":6,"minecraft:diamond_hoe":1,"minecraft:furnace":10,"minecraft:glass_pane":16,"minecraft:diamond_block":9,"minecraft:flint_and_steel":1,"minecraft:iron_axe":2,"minecraft:iron_hoe":1,"minecraft:spruce_slab":96,"minecraft:stone_pickaxe":1,"minecraft:diamond_boots":2,"minecraft:spruce_boat":2,"minecraft:redstone_block":23,"minecraft:cooked_beef":80,"minecraft:diamond_sword":2,"minecraft:enchanting_table":1,"minecraft:iron_sword":1,"minecraft:bucket":3,"minecraft:stone_axe":1,"minecraft:enchanted_book":1,"minecraft:air":0,"minecraft:bread":64,"minecraft:oak_fence_gate":3,"minecraft:oak_boat":1,"minecraft:andesite_slab":6,"minecraft:oak_stairs":20,"minecraft:wooden_axe":1,"minecraft:writable_book":9,"minecraft:anvil":1,"minecraft:iron_shovel":4,"minecraft:stonecutter":1,"minecraft:iron_leggings":1,"minecraft:armor_stand":4,"minecraft:white_bed":2,"minecraft:torch":600,"minecraft:lapis_block":73,"minecraft:diamond_chestplate":2},"minecraft:mined":{"minecraft:waxed_cut_copper_slab":5,"minecraft:white_bed":2,"minecraft:cobblestone_stairs":39,"minecraft:spruce_trapdoor":6,"minecraft:obsidian":26,"minecraft:granite":153,"minecraft:budding_amethyst":3,"minecraft:grass_block":1861,"minecraft:cracked_polished_blackstone_bricks":15,"minecraft:soul_soil":1,"minecraft:chiseled_tuff_bricks":1,"minecraft:mud_bricks":12,"minecraft:hopper":2,"minecraft:oxeye_daisy":2,"minecraft:tuff_bricks":9,"minecraft:chiseled_stone_bricks":63,"minecraft:spawner":3,"minecraft:polished_blackstone_bricks":103,"minecraft:tall_seagrass":3,"minecraft:magma_block":1,"minecraft:iron_ore":192,"minecraft:fire":3,"minecraft:deepslate_lapis_ore":44,"minecraft:azure_bluet":1,"minecraft:enchanting_table":2,"minecraft:pointed_dripstone":1,"minecraft:spruce_slab":6,"minecraft:waxed_cut_copper":3,"minecraft:deepslate_redstone_ore":50,"minecraft:kelp_plant":8,"minecraft:amethyst_cluster":6,"minecraft:torch":31,"minecraft:mud_brick_stairs":1,"minecraft:calcite":28,"minecraft:poppy":1,"minecraft:chest":9,"minecraft:dead_bush":1,"minecraft:cobblestone":209,"minecraft:nether_quartz_ore":9,"minecraft:oak_planks":136,"minecraft:sugar_cane":709,"minecraft:grindstone":2,"minecraft:waxed_chiseled_copper":1,"minecraft:bricks":3,"minecraft:wall_torch":28,"minecraft:amethyst_block":29,"minecraft:seagrass":1,"minecraft:waxed_copper_bulb":1,"minecraft:birch_log":35,"minecraft:wheat":711,"minecraft:waxed_copper_block":3,"minecraft:stone_brick_stairs":3,"minecraft:yellow_glazed_terracotta":7,"minecraft:oak_log":528,"minecraft:waxed_oxidized_copper":4,"minecraft:sand":277,"minecraft:dirt":1248,"minecraft:smooth_basalt":29,"minecraft:stonecutter":1,"minecraft:netherrack":35,"minecraft:deepslate":613,"minecraft:oak_leaves":180,"minecraft:suspicious_gravel":17,"minecraft:tuff":52,"minecraft:mossy_cobblestone":66,"minecraft:oak_door":2,"minecraft:deepslate_diamond_ore":122,"minecraft:dark_oak_log":7,"minecraft:dark_oak_fence":18,"minecraft:decorated_pot":28,"minecraft:brick_stairs":2,"minecraft:spruce_leaves":20,"minecraft:kelp":6,"minecraft:red_mushroom":1,"minecraft:sandstone":11,"minecraft:large_fern":1,"minecraft:packed_mud":2,"minecraft:waxed_oxidized_cut_copper":1,"minecraft:furnace":4,"minecraft:carrots":330,"minecraft:black_glazed_terracotta":11,"minecraft:andesite":206,"minecraft:bookshelf":30,"minecraft:potatoes":20,"minecraft:deepslate_iron_ore":165,"minecraft:rail":10,"minecraft:stone":3380,"minecraft:podzol":44,"minecraft:oak_slab":8,"minecraft:glass_pane":1,"minecraft:soul_sand":51,"minecraft:basalt":4,"minecraft:dandelion":2,"minecraft:oak_fence":22,"minecraft:crafting_table":11,"minecraft:cornflower":1,"minecraft:short_grass":1747,"minecraft:lectern":30,"minecraft:copper_ore":25,"minecraft:tall_grass":114,"minecraft:deepslate_coal_ore":5,"minecraft:lapis_ore":30,"minecraft:deepslate_gold_ore":15,"minecraft:diorite":200,"minecraft:blue_bed":1,"minecraft:birch_planks":2,"minecraft:coarse_dirt":26,"minecraft:waxed_oxidized_copper_grate":3,"minecraft:sweet_berry_bush":15,"minecraft:spruce_log":382,"minecraft:birch_leaves":1,"minecraft:bee_nest":1,"minecraft:coal_ore":431,"minecraft:gravel":521,"minecraft:cobweb":83,"minecraft:cracked_stone_bricks":1,"minecraft:stone_bricks":31,"minecraft:gold_ore":1,"minecraft:fern":6},"minecraft:dropped":{"minecraft:guster_pottery_sherd":2,"minecraft:birch_planks":2,"minecraft:lapis_lazuli":51,"minecraft:crossbow":1,"minecraft:leather":4,"minecraft:rail":4,"minecraft:flint":79,"minecraft:cobblestone_stairs":16,"minecraft:dirt":25,"minecraft:dark_oak_fence":30,"minecraft:cornflower":1,"minecraft:amethyst_shard":81,"minecraft:sand":2,"minecraft:iron_pickaxe":1,"minecraft:gold_ingot":1,"minecraft:bone":38,"minecraft:gravel":9,"minecraft:oak_door":6,"minecraft:stone_axe":1,"minecraft:sugar_cane":32,"minecraft:cooked_chicken":1,"minecraft:cobbled_deepslate":147,"minecraft:wheat":129,"minecraft:rotten_flesh":33,"minecraft:oak_planks":6,"minecraft:azure_bluet":1,"minecraft:waxed_copper_block":1,"minecraft:chiseled_stone_bricks":1,"minecraft:gunpowder":7,"minecraft:brick_stairs":2,"minecraft:egg":2,"minecraft:iron_ingot":1,"minecraft:wheat_seeds":3,"minecraft:mossy_cobblestone":47,"minecraft:oak_fence":3,"minecraft:feather":5,"minecraft:cobblestone":20,"minecraft:amethyst_block":13,"minecraft:granite":31,"minecraft:stick":31,"minecraft:oxeye_daisy":1,"minecraft:diorite":26,"minecraft:ink_sac":4,"minecraft:torch":11,"minecraft:wooden_axe":1,"minecraft:lapis_ore":2,"minecraft:oak_stairs":12,"minecraft:white_banner":4,"minecraft:paper":1,"minecraft:string":98,"minecraft:bucket":1,"minecraft:dandelion":1,"minecraft:smooth_basalt":8,"minecraft:bricks":3,"minecraft:flow_pottery_sherd":3,"minecraft:coarse_dirt":2,"minecraft:raw_copper":1,"minecraft:deepslate":2,"minecraft:tuff":2,"minecraft:iron_hoe":1,"minecraft:name_tag":1,"minecraft:spruce_boat":1,"minecraft:andesite":30,"minecraft:oak_sapling":35,"minecraft:spider_eye":5,"minecraft:bow":3,"minecraft:wooden_pickaxe":1,"minecraft:calcite":15,"minecraft:magma_block":1,"minecraft:brick":55},"minecraft:custom":{"minecraft:animals_bred":82,"minecraft:interact_with_crafting_table":208,"minecraft:open_barrel":11,"minecraft:leave_game":8,"minecraft:time_since_death":206335,"minecraft:sprint_one_cm":1498043,"minecraft:damage_blocked_by_shield":7515,"minecraft:drop":147,"minecraft:talked_to_villager":59,"minecraft:play_time":1396554,"minecraft:deaths":3,"minecraft:jump":10890,"minecraft:walk_on_water_one_cm":214237,"minecraft:enchant_item":18,"minecraft:interact_with_furnace":172,"minecraft:traded_with_villager":13,"minecraft:interact_with_cartography_table":1,"minecraft:sleep_in_bed":49,"minecraft:damage_dealt":80401,"minecraft:crouch_one_cm":81544,"minecraft:inspect_dispenser":1,"minecraft:horse_one_cm":1470,"minecraft:interact_with_anvil":14,"minecraft:mob_kills":1384,"minecraft:inspect_hopper":11,"minecraft:climb_one_cm":4872,"minecraft:walk_one_cm":4311315,"minecraft:sneak_time":31732,"minecraft:walk_under_water_one_cm":183583,"minecraft:boat_one_cm":874592,"minecraft:total_world_time":1448771,"minecraft:interact_with_stonecutter":20,"minecraft:time_since_rest":12132,"minecraft:damage_taken":6300,"minecraft:swim_one_cm":235180,"minecraft:fly_one_cm":1667079,"minecraft:open_chest":882,"minecraft:fish_caught":20,"minecraft:fall_one_cm":148145},"minecraft:killed":{"minecraft:cave_spider":19,"minecraft:spider":10,"minecraft:skeleton":1035,"minecraft:bee":2,"minecraft:chicken":22,"minecraft:pig":18,"minecraft:creeper":8,"minecraft:sheep":20,"minecraft:pillager":31,"minecraft:zombie":65,"minecraft:stray":7,"minecraft:ghast":1,"minecraft:cow":92,"minecraft:drowned":4,"minecraft:bat":1,"minecraft:hoglin":1,"minecraft:squid":4,"minecraft:breeze":2,"minecraft:enderman":1},"minecraft:used":{"minecraft:writable_book":71,"minecraft:iron_shovel":1028,"minecraft:spruce_slab":60,"minecraft:diamond_hoe":198,"minecraft:oak_sign":1,"minecraft:shield":205,"minecraft:chest":54,"minecraft:stone":24,"minecraft:iron_sword":243,"minecraft:soul_sand":4,"minecraft:carrot":471,"minecraft:obsidian":10,"minecraft:spruce_boat":2,"minecraft:waxed_oxidized_copper_grate":3,"minecraft:coal_ore":6,"minecraft:copper_ore":3,"minecraft:stone_brick_stairs":41,"minecraft:stone_bricks":262,"minecraft:birch_button":1,"minecraft:written_book":4,"minecraft:sweet_berries":25,"minecraft:furnace":14,"minecraft:potato":64,"minecraft:golden_boots":2,"minecraft:diorite":79,"minecraft:diamond_boots":2,"minecraft:stone_pickaxe":132,"minecraft:oak_planks":88,"minecraft:ender_pearl":3,"minecraft:wooden_pickaxe":7,"minecraft:sugar_cane":293,"minecraft:composter":2,"minecraft:diamond_axe":916,"minecraft:blue_bed":1,"minecraft:oak_leaves":14,"minecraft:sand":2,"minecraft:deepslate_redstone_ore":11,"minecraft:crossbow":8,"minecraft:stone_brick_wall":8,"minecraft:deepslate_lapis_ore":9,"minecraft:shears":93,"minecraft:bread":27,"minecraft:lectern":30,"minecraft:iron_door":2,"minecraft:gravel":30,"minecraft:diamond_sword":914,"minecraft:andesite":118,"minecraft:oak_boat":6,"minecraft:oak_fence":131,"minecraft:enchanting_table":3,"minecraft:flint_and_steel":1,"minecraft:armor_stand":4,"minecraft:stone_shovel":326,"minecraft:trial_key":2,"minecraft:stone_hoe":131,"minecraft:cooked_chicken":8,"minecraft:netherrack":13,"minecraft:oak_door":2,"minecraft:torch":677,"minecraft:dirt":2104,"minecraft:anvil":1,"minecraft:hopper":7,"minecraft:diamond_helmet":1,"minecraft:oak_fence_gate":3,"minecraft:granite":17,"minecraft:iron_hoe":145,"minecraft:wooden_axe":1,"minecraft:bookshelf":45,"minecraft:iron_axe":449,"minecraft:oak_stairs":21,"minecraft:diamond_chestplate":1,"minecraft:cooked_beef":28,"minecraft:cobbled_deepslate":12,"minecraft:wheat_seeds":841,"minecraft:cooked_mutton":6,"minecraft:water_bucket":209,"minecraft:amethyst_block":11,"minecraft:cobblestone_stairs":281,"minecraft:andesite_slab":6,"minecraft:cobblestone_slab":2,"minecraft:stonecutter":1,"minecraft:crafting_table":31,"minecraft:oak_slab":68,"minecraft:white_bed":4,"minecraft:spruce_log":24,"minecraft:oak_log":182,"minecraft:diamond_pickaxe":5459,"minecraft:apple":3,"minecraft:oxeye_daisy":1,"minecraft:diamond_shovel":2634,"minecraft:oak_button":3,"minecraft:iron_pickaxe":998,"minecraft:lapis_ore":1,"minecraft:spruce_trapdoor":28,"minecraft:chiseled_stone_bricks":518,"minecraft:stone_axe":95,"minecraft:fishing_rod":29,"minecraft:cobblestone":477,"minecraft:bucket":210,"minecraft:cooked_porkchop":24,"minecraft:glass_pane":10,"minecraft:diamond_leggings":1},"minecraft:killed_by":{"minecraft:piglin_brute":2,"minecraft:cave_spider":1}},"DataVersion":4189}